{"_version":"1.0","identification":{"id":"ea38198e-41ab-4268-b7b6-48bc2dd6be89","modifiedAt":20170901184718,"title":"CDM bundle","sourceSystemType":"HCP","description":"HCP transport zip 1504291638667","entityType":"Bundle","buildVersion":"1609-A"},"payload":[{"_version":"1.0","identification":{"id":"Everyone","namespace":"","entityType":"role"},"payload":{"groups":[{"id":"3bfc87af-687a-45f3-802e-e1b289e580f8-1504263973725","namespace":""}],"catalogs":[{"id":"2e57efd7-7ecd-4119-b186-cf0c4c3e9d1a","namespace":""},{"id":"346537e6-7ff7-45f6-b815-5e6957cb5fbb-1504264067331","namespace":""}]}},{"_version":"1.0","identification":{"title":"Sample Group","description":"","entityType":"group","id":"a1eaf87d-e3b6-45f9-b1f2-3a8370a40689","i18n":"i18n/a1eaf87d-e3b6-45f9-b1f2-3a8370a40689.properties"},"payload":{"locked":false,"tags":[],"tiles":[]}},{"_version":"1.0","identification":{"namespace":"","layer":"vendor","description":"A site template that uses SAP Fiori design elements. This template is provided by SAP.","entityType":"site","i18n":"","id":"ea38198e-41ab-4268-b7b6-48bc2dd6be89","title":"Plant Management site"},"payload":{"homeApp":{"semanticObject":"Shell","action":"home"},"config":{"ushellConfig":{"renderers":{"fiori2":{"componentData":{"config":{"applications":{"Shell-home":{"disableSortedLockedGroups":true}}}}}}}},"sap.cloud.portal":{"config":{"icon":"portalsitetemplates/flp/preview.png","solution":"flp","fioriVersion":"FIORI2","theme.id":"sap_belize","theme.active":"[\"sap_belize\", \"sap_belize_plus\", \"sap_hcb\"]","templateTitle":"SAP Fiori Launchpad","pathInTemplate":"flp"},"availablePageTemplates":[],"_version":"1.2.0","baseTemplate":{"id":"hcp://portalsitetemplates/flp/site.json","namespace":""}},"groups":[{"id":"a1eaf87d-e3b6-45f9-b1f2-3a8370a40689","namespace":""},{"id":"3bfc87af-687a-45f3-802e-e1b289e580f8-1504263973725","namespace":""}],"catalogs":[{"id":"346537e6-7ff7-45f6-b815-5e6957cb5fbb-1504264067331","namespace":""},{"id":"2e57efd7-7ecd-4119-b186-cf0c4c3e9d1a","namespace":""}]}},{"_version":"1.1","identification":{"id":"346537e6-7ff7-45f6-b815-5e6957cb5fbb-1504264067331","i18n":"i18n/fa2dd255-08d2-4bab-8fde-b4871cac34c6-1504264067331.properties","title":"{{title}}","description":"","entityType":"catalog"},"payload":{"appDescriptors":[{"id":"efc0defc-bfec-47f7-82d7-2c535a8d8bd4-1504266296669"}]}},{"_version":"1.0","identification":{"id":"3bfc87af-687a-45f3-802e-e1b289e580f8-1504263973725","i18n":"i18n/6b7bceb8-25e1-43aa-8c10-ddca50f0a4bf-1504263973725.properties","title":"{{title}}","description":"","entityType":"group"},"payload":{"locked":false,"tags":[],"tiles":[{"entityType":"tile","target":{"semanticObject":"New_App","action":"Display"},"id":"6c24b9f9-08ab-42cf-8fbf-045df06a6ddf-1504266367238","appIDHint":"efc0defc-bfec-47f7-82d7-2c535a8d8bd4-1504266296669"}],"links":[]}},{"_version":"1.1","identification":{"title":"Sample Catalog","description":"Sample Catalog","entityType":"catalog","i18n":"i18n/2e57efd7-7ecd-4119-b186-cf0c4c3e9d1a.properties","id":"2e57efd7-7ecd-4119-b186-cf0c4c3e9d1a"},"payload":{"appDescriptors":[{"id":"49b9908a-337e-424d-b965-7e55d37c581e","namespace":""}],"groups":[]}},{"_version":"1.3.0","sap.app":{"_version":"1.3.0","title":"Launchpad Page","description":"","tags":{"keywords":[]},"crossNavigation":{"context":{},"inbounds":{"0":{"semanticObject":"Shell","action":"home","deviceTypes":{"desktop":true,"tablet":true,"phone":true}}}},"id":"49b9908a-337e-424d-b965-7e55d37c581e","i18n":"i18n/49b9908a-337e-424d-b965-7e55d37c581e.properties"},"sap.platform.hcp":{"appName":"portalsitetemplates","_version":"1.2.0","uri":"/components/flp"},"sap.ui5":{"_version":"1.2.0","componentName":"sap.ushell.components.flp"},"sap.flp":{"_version":"1.1.0","config":{"groups":["3bfc87af-687a-45f3-802e-e1b289e580f8-1504263973725"]}},"sap.ui":{"_version":"1.3.0","technology":"UI5"}},{"_version":"1.3.0","sap.app":{"_version":"1.3.0","id":"efc0defc-bfec-47f7-82d7-2c535a8d8bd4-1504266296669","i18n":"i18n/d895ed04-9714-4186-a8bf-0f5b694a0cef-1504266296669.properties","title":"App Title","description":"App Description","tags":{"keywords":[""]},"crossNavigation":{"context":{},"inbounds":{"New_AppDisplay":{"semanticObject":"New_App","action":"Display","deviceTypes":{"desktop":true,"tablet":true,"phone":true},"title":"{{1504266367302_title}}","subTitle":"","info":"","size":"1x1","signature":{"parameters":{},"additionalParameters":"allowed"}}}},"extends":"com.sap.hcp.samples"},"sap.platform.hcp":{"_version":"1.1.0","uri":"/","appName":"pollutionmonitoringui"},"sap.flp":{"_version":"1.1.0","type":"UI5","config":{"skipVariantResolving":""}},"sap.ui":{"_version":"1.3.0","technology":"UI5","deviceTypes":{"desktop":true,"tablet":true,"phone":true}},"sap.ui5":{"componentName":"com.sap.hcp.samples"},"sap.fiori":{"registrationIds":[]}}]}